{"cameraMode":{"drawMode":0,"name":"Shaded","section":"Shading Mode"},"sceneLighting":false,"audioPlay":false,"sceneViewState":{"showFog":true,"showMaterialUpdate":false,"showSkybox":false,"showFlares":true,"showImageEffects":true,"showParticleSystems":true,"showVisualEffectGraphs":true,"m_FxEnabled":true},"in2DMode":false,"pivot":{"x":-0.026124760508537294,"y":0.15305520594120027,"z":-0.05678063631057739},"rotation":{"x":-0.1013459637761116,"y":0.8959104418754578,"z":-0.34061285853385928,"w":-0.2665695548057556},"size":0.21994349360466004,"orthographic":false}