{"cameraMode":{"drawMode":0,"name":"Shaded","section":"Shading Mode"},"sceneLighting":false,"audioPlay":false,"sceneViewState":{"showFog":true,"showMaterialUpdate":false,"showSkybox":false,"showFlares":true,"showImageEffects":true,"showParticleSystems":true,"showVisualEffectGraphs":true,"m_FxEnabled":true},"in2DMode":false,"pivot":{"x":0.06400883197784424,"y":0.01192682608962059,"z":-0.01661744713783264},"rotation":{"x":-0.1013459637761116,"y":0.8959104418754578,"z":-0.34061285853385928,"w":-0.2665695548057556},"size":0.21899907290935517,"orthographic":false}