{"cameraMode":{"drawMode":0,"name":"Shaded","section":"Shading Mode"},"sceneLighting":false,"audioPlay":false,"sceneViewState":{"showFog":true,"showMaterialUpdate":false,"showSkybox":false,"showFlares":true,"showImageEffects":true,"showParticleSystems":true,"showVisualEffectGraphs":true,"m_FxEnabled":true},"in2DMode":false,"pivot":{"x":0.0980837345123291,"y":0.5996229648590088,"z":0.04726406931877136},"rotation":{"x":-0.15725621581077577,"y":0.8347041010856628,"z":-0.3045107424259186,"w":-0.4310598373413086},"size":1.0333356857299805,"orthographic":false}