{"cameraMode":{"drawMode":0,"name":"Shaded","section":"Shading Mode"},"sceneLighting":false,"audioPlay":false,"sceneViewState":{"showFog":true,"showMaterialUpdate":false,"showSkybox":false,"showFlares":true,"showImageEffects":true,"showParticleSystems":true,"showVisualEffectGraphs":true,"m_FxEnabled":true},"in2DMode":false,"pivot":{"x":-0.5899999737739563,"y":1.4420000314712525,"z":0.07000000029802323},"rotation":{"x":-0.1165391355752945,"y":0.8829838633537293,"z":-0.30571287870407107,"w":-0.3365973234176636},"size":0.08112078160047531,"orthographic":false}