{"cameraMode":{"drawMode":0,"name":"Shaded","section":"Shading Mode"},"sceneLighting":false,"audioPlay":false,"sceneViewState":{"showFog":true,"showMaterialUpdate":false,"showSkybox":false,"showFlares":true,"showImageEffects":true,"showParticleSystems":true,"showVisualEffectGraphs":true,"m_FxEnabled":true},"in2DMode":false,"pivot":{"x":0.047823429107666019,"y":5.108607292175293,"z":-0.044969797134399417},"rotation":{"x":-0.1191871389746666,"y":0.8729618191719055,"z":-0.26603585481643679,"w":-0.3910968601703644},"size":6.1479716300964359,"orthographic":false}