{"cameraMode":{"drawMode":0,"name":"Shaded","section":"Shading Mode"},"sceneLighting":false,"audioPlay":false,"sceneViewState":{"showFog":true,"showMaterialUpdate":false,"showSkybox":false,"showFlares":true,"showImageEffects":true,"showParticleSystems":true,"showVisualEffectGraphs":true,"m_FxEnabled":true},"in2DMode":false,"pivot":{"x":0.04336903989315033,"y":0.11389173567295075,"z":-0.020009979605674745},"rotation":{"x":-0.1165391355752945,"y":0.8829838633537293,"z":-0.30571287870407107,"w":-0.3365973234176636},"size":0.2585698068141937,"orthographic":false}