{"cameraMode":{"drawMode":0,"name":"Shaded","section":"Shading Mode"},"sceneLighting":false,"audioPlay":false,"sceneViewState":{"showFog":true,"showMaterialUpdate":false,"showSkybox":false,"showFlares":true,"showImageEffects":true,"showParticleSystems":true,"showVisualEffectGraphs":true,"m_FxEnabled":true},"in2DMode":false,"pivot":{"x":-0.0005724234506487846,"y":1.378999948501587,"z":0.3499999940395355},"rotation":{"x":-0.15725621581077577,"y":0.8347041010856628,"z":-0.3045107424259186,"w":-0.4310598373413086},"size":0.016651494428515435,"orthographic":false}