{"cameraMode":{"drawMode":0,"name":"Shaded","section":"Shading Mode"},"sceneLighting":false,"audioPlay":false,"sceneViewState":{"showFog":true,"showMaterialUpdate":false,"showSkybox":false,"showFlares":true,"showImageEffects":true,"showParticleSystems":true,"showVisualEffectGraphs":true,"m_FxEnabled":true},"in2DMode":false,"pivot":{"x":-0.018200844526290895,"y":0.44176581501960757,"z":0.0894726887345314},"rotation":{"x":-0.07849502563476563,"y":0.6835128664970398,"z":-0.07432174682617188,"w":-0.7218910455703735},"size":0.7370966672897339,"orthographic":false}