{"cameraMode":{"drawMode":0,"name":"Shaded","section":"Shading Mode"},"sceneLighting":false,"audioPlay":false,"sceneViewState":{"showFog":true,"showMaterialUpdate":false,"showSkybox":false,"showFlares":true,"showImageEffects":true,"showParticleSystems":true,"showVisualEffectGraphs":true,"m_FxEnabled":true},"in2DMode":false,"pivot":{"x":-0.1338338553905487,"y":0.19427183270454408,"z":0.0012996718287467957},"rotation":{"x":-0.1013459637761116,"y":0.8959104418754578,"z":-0.34061285853385928,"w":-0.2665695548057556},"size":0.3636901080608368,"orthographic":false}