{"cameraMode":{"drawMode":0,"name":"Shaded","section":"Shading Mode"},"sceneLighting":false,"audioPlay":false,"sceneViewState":{"showFog":true,"showMaterialUpdate":false,"showSkybox":false,"showFlares":true,"showImageEffects":true,"showParticleSystems":true,"showVisualEffectGraphs":true,"m_FxEnabled":true},"in2DMode":false,"pivot":{"x":-0.005100905895233154,"y":1.1396996974945069,"z":-0.05692382901906967},"rotation":{"x":-0.018334100022912027,"y":0.9804866313934326,"z":-0.16055500507354737,"w":-0.11196298897266388},"size":1.5934114456176758,"orthographic":false}