{"cameraMode":{"drawMode":0,"name":"Shaded","section":"Shading Mode"},"sceneLighting":false,"audioPlay":false,"sceneViewState":{"showFog":true,"showMaterialUpdate":false,"showSkybox":false,"showFlares":true,"showImageEffects":true,"showParticleSystems":true,"showVisualEffectGraphs":true,"m_FxEnabled":true},"in2DMode":false,"pivot":{"x":0.04986228421330452,"y":0.18138854205608369,"z":0.005280695855617523},"rotation":{"x":-0.15725621581077577,"y":0.8347041010856628,"z":-0.3045107424259186,"w":-0.4310598373413086},"size":0.2819395363330841,"orthographic":false}