{"cameraMode":{"drawMode":0,"name":"Shaded","section":"Shading Mode"},"sceneLighting":false,"audioPlay":false,"sceneViewState":{"showFog":true,"showMaterialUpdate":false,"showSkybox":false,"showFlares":true,"showImageEffects":true,"showParticleSystems":true,"showVisualEffectGraphs":true,"m_FxEnabled":true},"in2DMode":false,"pivot":{"x":0.04250061511993408,"y":0.44405925273895266,"z":-0.03903290629386902},"rotation":{"x":-0.15725621581077577,"y":0.8347041010856628,"z":-0.3045107424259186,"w":-0.4310598373413086},"size":0.6435208320617676,"orthographic":false}