{"cameraMode":{"drawMode":0,"name":"Shaded","section":"Shading Mode"},"sceneLighting":false,"audioPlay":false,"sceneViewState":{"showFog":true,"showMaterialUpdate":false,"showSkybox":false,"showFlares":true,"showImageEffects":true,"showParticleSystems":true,"showVisualEffectGraphs":true,"m_FxEnabled":true},"in2DMode":false,"pivot":{"x":-114.08041381835938,"y":-0.2468184232711792,"z":166.38526916503907},"rotation":{"x":-0.011882520280778408,"y":0.9870089888572693,"z":-0.13437291979789735,"w":-0.08727956563234329},"size":1.1140695810317994,"orthographic":false}