{"cameraMode":{"drawMode":0,"name":"Shaded","section":"Shading Mode"},"sceneLighting":false,"audioPlay":false,"sceneViewState":{"showFog":true,"showMaterialUpdate":false,"showSkybox":false,"showFlares":true,"showImageEffects":true,"showParticleSystems":true,"showVisualEffectGraphs":true,"m_FxEnabled":true},"in2DMode":false,"pivot":{"x":-0.0038498640060424806,"y":1.2332051992416382,"z":-0.019285112619400026},"rotation":{"x":-0.1165391355752945,"y":0.8829838633537293,"z":-0.30571287870407107,"w":-0.3365973234176636},"size":1.4690550565719605,"orthographic":false}