{"cameraMode":{"drawMode":0,"name":"Shaded","section":"Shading Mode"},"sceneLighting":false,"audioPlay":false,"sceneViewState":{"showFog":true,"showMaterialUpdate":false,"showSkybox":false,"showFlares":true,"showImageEffects":true,"showParticleSystems":true,"showVisualEffectGraphs":true,"m_FxEnabled":true},"in2DMode":false,"pivot":{"x":0.04067714884877205,"y":0.13600441813468934,"z":-0.02928750216960907},"rotation":{"x":-0.050286393612623218,"y":0.9461140036582947,"z":-0.17980839312076569,"w":-0.26459580659866335},"size":0.21103061735630036,"orthographic":false}