{"cameraMode":{"drawMode":0,"name":"Shaded","section":"Shading Mode"},"sceneLighting":false,"audioPlay":false,"sceneViewState":{"showFog":true,"showMaterialUpdate":false,"showSkybox":false,"showFlares":true,"showImageEffects":true,"showParticleSystems":true,"showVisualEffectGraphs":true,"m_FxEnabled":true},"in2DMode":false,"pivot":{"x":0.012344419956207276,"y":1.3528008460998536,"z":-0.059345245361328128},"rotation":{"x":-0.018334100022912027,"y":0.9804866313934326,"z":-0.16055500507354737,"w":-0.11196298897266388},"size":1.6137402057647706,"orthographic":false}