{"cameraMode":{"drawMode":0,"name":"Shaded","section":"Shading Mode"},"sceneLighting":false,"audioPlay":false,"sceneViewState":{"showFog":true,"showMaterialUpdate":false,"showSkybox":false,"showFlares":true,"showImageEffects":true,"showParticleSystems":true,"showVisualEffectGraphs":true,"m_FxEnabled":true},"in2DMode":false,"pivot":{"x":0.8081019520759583,"y":0.15817639231681825,"z":0.014908261597156525},"rotation":{"x":0.017821840941905977,"y":0.7230085134506226,"z":-0.018664734438061715,"w":0.6903577446937561},"size":0.9744114279747009,"orthographic":false}