{"cameraMode":{"drawMode":0,"name":"Shaded","section":"Shading Mode"},"sceneLighting":false,"audioPlay":false,"sceneViewState":{"showFog":true,"showMaterialUpdate":false,"showSkybox":false,"showFlares":true,"showImageEffects":true,"showParticleSystems":true,"showVisualEffectGraphs":true,"m_FxEnabled":true},"in2DMode":false,"pivot":{"x":-0.026379108428955079,"y":0.44657379388809206,"z":0.020049095153808595},"rotation":{"x":-0.050286393612623218,"y":0.9461140036582947,"z":-0.17980839312076569,"w":-0.26459580659866335},"size":1.3853604793548585,"orthographic":false}