{"cameraMode":{"drawMode":0,"name":"Shaded","section":"Shading Mode"},"sceneLighting":false,"audioPlay":false,"sceneViewState":{"showFog":true,"showMaterialUpdate":false,"showSkybox":false,"showFlares":true,"showImageEffects":true,"showParticleSystems":true,"showVisualEffectGraphs":true,"m_FxEnabled":true},"in2DMode":false,"pivot":{"x":-0.00837966799736023,"y":0.10773242264986038,"z":-0.0006300546228885651},"rotation":{"x":0.07546184957027435,"y":0.65827476978302,"z":-0.06658624112606049,"w":0.7460207939147949},"size":0.17826181650161744,"orthographic":false}