{"cameraMode":{"drawMode":0,"name":"Shaded","section":"Shading Mode"},"sceneLighting":false,"audioPlay":false,"sceneViewState":{"showFog":true,"showMaterialUpdate":false,"showSkybox":false,"showFlares":true,"showImageEffects":true,"showParticleSystems":true,"showVisualEffectGraphs":true,"m_FxEnabled":true},"in2DMode":false,"pivot":{"x":-0.011211514472961426,"y":0.015937432646751405,"z":0.008961424231529236},"rotation":{"x":0.07546184957027435,"y":0.65827476978302,"z":-0.06658624112606049,"w":0.7460207939147949},"size":0.32387736439704897,"orthographic":false}