{"cameraMode":{"drawMode":0,"name":"Shaded","section":"Shading Mode"},"sceneLighting":false,"audioPlay":false,"sceneViewState":{"showFog":true,"showMaterialUpdate":false,"showSkybox":false,"showFlares":true,"showImageEffects":true,"showParticleSystems":true,"showVisualEffectGraphs":true,"m_FxEnabled":true},"in2DMode":false,"pivot":{"x":0.0017706453800201417,"y":0.011744650080800057,"z":-0.0068131498992443089},"rotation":{"x":-0.1165391355752945,"y":0.8829838633537293,"z":-0.30571287870407107,"w":-0.3365973234176636},"size":0.17686739563941956,"orthographic":false}