{"cameraMode":{"drawMode":0,"name":"Shaded","section":"Shading Mode"},"sceneLighting":false,"audioPlay":false,"sceneViewState":{"showFog":true,"showMaterialUpdate":false,"showSkybox":false,"showFlares":true,"showImageEffects":true,"showParticleSystems":true,"showVisualEffectGraphs":true,"m_FxEnabled":true},"in2DMode":false,"pivot":{"x":0.000524476170539856,"y":0.09606050699949265,"z":-0.0001236051321029663},"rotation":{"x":-0.011882520280778408,"y":0.9870089888572693,"z":-0.13437291979789735,"w":-0.08727956563234329},"size":0.18671166896820069,"orthographic":false}