{"cameraMode":{"drawMode":0,"name":"Shaded","section":"Shading Mode"},"sceneLighting":false,"audioPlay":false,"sceneViewState":{"showFog":true,"showMaterialUpdate":false,"showSkybox":false,"showFlares":true,"showImageEffects":true,"showParticleSystems":true,"showVisualEffectGraphs":true,"m_FxEnabled":true},"in2DMode":false,"pivot":{"x":0.07067132741212845,"y":0.18414868414402009,"z":-0.3172203302383423},"rotation":{"x":-0.050286393612623218,"y":0.9461140036582947,"z":-0.17980839312076569,"w":-0.26459580659866335},"size":0.4803086519241333,"orthographic":false}